-- 转存表中的数据 `jycms_action`

INSERT INTO `jycms_action` (`id`, `name`, `title`, `remark`, `rule`, `log`, `type`, `status`, `update_time`) VALUES
(1, 'user_login', '用户登录', '积分+10，每天一次', 'table:member|field:score|condition:uid={$self} AND status>-1|rule:score+10|cycle:24|max:1;', '[user|get_nickname]在[time|time_format]登录了后台', 1, 1, 1387181220),
(2, 'add_article', '发布文章', '积分+5，每天上限5次', 'table:member|field:score|condition:uid={$self}|rule:score+5|cycle:24|max:5', '', 2, 0, 1380173180),
(3, 'review', '评论', '评论积分+1，无限制', 'table:member|field:score|condition:uid={$self}|rule:score+1', '', 2, 1, 1383285646),
(4, 'add_document', '发表文档', '积分+10，每天上限5次', 'table:member|field:score|condition:uid={$self}|rule:score+10|cycle:24|max:5', '[user|get_nickname]在[time|time_format]发表了一篇文章。\r\n表[model]，记录编号[record]。', 2, 0, 1386139726),
(5, 'add_document_topic', '发表讨论', '积分+5，每天上限10次', 'table:member|field:score|condition:uid={$self}|rule:score+5|cycle:24|max:10', '', 2, 0, 1383285551),
(6, 'update_config', '更新配置', '新增或修改或删除配置', '', '', 1, 1, 1383294988),
(7, 'update_model', '更新模型', '新增或修改模型', '', '', 1, 1, 1383295057),
(8, 'update_attribute', '更新属性', '新增或更新或删除属性', '', '', 1, 1, 1383295963),
(9, 'update_nav', '更新导航', '新增或修改或删除导航', '', '', 1, 1, 1383296301),
(10, 'update_menu', '更新菜单', '新增或修改或删除菜单', '', '', 1, 1, 1383296392),
(11, 'update_category', '更新分类', '新增或修改或删除分类', '', '', 1, 1, 1383296765);


-- 转存表中的数据 `jycms_addons`

INSERT INTO `jycms_addons` (`id`, `name`, `title`, `description`, `status`, `config`, `author`, `version`, `create_time`, `has_adminlist`) VALUES
(15, 'EditorForAdmin', '后台编辑器', '用于增强整站长文本的输入和显示', 1, '{"editor_type":"2","editor_wysiwyg":"3","editor_markdownpreview":"0","editor_height":"500px","editor_resize_type":"1"}', 'thinkphp', '0.1', 1383126253, 0),
(2, 'SiteStat', '站点统计信息', '统计站点的基础信息', 1, '{"title":"\\u7cfb\\u7edf\\u4fe1\\u606f","width":"1","display":["1"]}', 'thinkphp', '0.1', 1379512015, 0),
(3, 'DevTeam', '开发团队信息', '开发团队成员信息', 1, '{"title":"JYCMS\\u5f00\\u53d1\\u56e2\\u961f","width":"2","display":"1"}', 'thinkphp', '0.1', 1379512022, 0),
(4, 'SystemInfo', '系统环境信息', '用于显示一些服务器的信息', 1, '{"title":"\\u7cfb\\u7edf\\u4fe1\\u606f","width":"2","display":"1"}', 'thinkphp', '0.1', 1379512036, 0),
(5, 'Editor', '前台编辑器', '用于增强整站长文本的输入和显示', 1, '{"editor_type":"2","editor_wysiwyg":"1","editor_height":"300px","editor_resize_type":"1"}', 'thinkphp', '0.1', 1379830910, 0),
(6, 'SocialComment', '通用社交化评论', '集成了各种社交化评论插件，轻松集成到系统中。', 1, '{"comment_type":"2","comment_uid_youyan":"90040","comment_short_name_duoshuo":"haolie","comment_form_pos_duoshuo":"buttom","comment_data_list_duoshuo":"10","comment_data_order_duoshuo":"desc"}', 'thinkphp', '0.1', 1477060602, 0);

-- 转存表中的数据 `jycms_article_content`

INSERT INTO `jycms_article_content` (`cid`, `aid`, `content`, `pageorder`, `dateline`) VALUES
(1, 1, '<p>还记得以前本站的那一篇“编程好难啊”吗，那是一篇众程序员调侃程序新手的文章，有恶搞的成分在里面。今天要和大家说的这个事没有一些恶搞和调侃的意思，是比较严肃的话题，你一定可以从中收获一些东西。这个话题来自StackOverflow上的一个问题——Cycle in Family Tree Software，这个程序员问了下面这个问题：</p><blockquote style="margin: 5px 0px; padding: 8px 12px 8px 36px; border: 1px dashed rgb(204, 204, 204); font-family: ''Open Sans'', ''Helvetica Neue'', Arial, ''Hiragino Sans GB'', sans-serif; color: rgb(85, 85, 85); font-size: 16px; line-height: 27.2000007629395px; background: url(http://coolshell.cn/wp-content/themes/inove/img/blockquote.gif) 3px 3px no-repeat rgb(244, 245, 247);"><p>我是一个写家族族谱软件的程序员（我用的是C++和Qt），这个软件基本上没有什么问题，直到有一天有个用户报告了一个bug。这个问题是这样的——<strong>我这个用户和他女儿生了两个孩子</strong>。</p><p>于是，我程序员的一些断言和硬性条件导致程序报错，因为我的程序在处理这个关系的时候，其发现X即是Y的爸爸，又是Y的爷爷，所以只能报错。</p><p>请问，<strong>在不需要移除我的断言和数据验证的情况下，我怎么才能解决这个问题</strong>？</p></blockquote><p>看到这里，请重点阅读一下下面的两点：</p><ul style="margin: 0px; padding: 0px 0px 10px; color: rgb(85, 85, 85); font-family: ''Open Sans'', ''Helvetica Neue'', ''Hiragino Sans GB'', sans-serif, Arial, Verdana, ''BitStream vera Sans'', Tahoma, Helvetica, sans-serif; font-size: 16px; line-height: 27.2000007629395px;"><li style="margin: 0px; padding: 0px 0px 0px 20px; list-style-position: inside;">如果你看到这里开始兴奋了，请你为你阴暗的心理去面壁反省10分钟，因为这是一个很技术的问题。</li><li style="margin: 0px; padding: 0px 0px 0px 20px; list-style-position: inside;">如果你开始陷入了深深的思考如何解决这个问题，那么你绝对是一个合格的程序员，因为你已陷入技术已经很深了，有点呆了。</li></ul><p>我在前面说过，“<strong>这个是一个严肃的话题，你可以从中收获一些东西</strong>”，当然，我并不希望你来收获乱伦的知识和心得，酷壳是一个技术博客，应该是收获技术方面的东西。</p><p></p><p>从技术的角度上来说，这是我们经常在设计软件时犯的错误——</p><h4 style="margin: 40px 0px 10px; padding: 10px 0px 10px 10px; font-family: ''Microsoft YaHei'', Arial; font-size: 21px; color: rgb(0, 136, 0); border-left-color: green; border-left-style: solid; border-left-width: thick; background-color: rgb(248, 248, 248);"><strong>1）作了错误的假设</strong>（Assumption）</h4><p>Assumption是软件设计的重大天敌，Assumption的动词Assume意为Ass u me – Ass you and me 。你的假设做得越多，你的设计就越不靠谱。这里的假设是——我们以为family tree是一个tree，其实并不是tree。<strong>Assumption是魔鬼</strong>。</p><p>还有一些经典的Assumption如下所示</p><ul style="margin: 0px; padding: 0px 0px 10px; color: rgb(85, 85, 85); font-family: ''Open Sans'', ''Helvetica Neue'', ''Hiragino Sans GB'', sans-serif, Arial, Verdana, ''BitStream vera Sans'', Tahoma, Helvetica, sans-serif; font-size: 16px; line-height: 27.2000007629395px;"><li style="margin: 0px; padding: 0px 0px 0px 20px; list-style-position: inside;">最著名的就是那个y2k臭虫。</li><li style="margin: 0px; padding: 0px 0px 0px 20px; list-style-position: inside;">不要以为没有2月30日，在瑞典1712年有2月30日</li><li style="margin: 0px; padding: 0px 0px 0px 20px; list-style-position: inside;">一分钟有60秒？闰秒呢？</li><li style="margin: 0px; padding: 0px 0px 0px 20px; list-style-position: inside;">双胞胎的生日是同一天吗？</li><li style="margin: 0px; padding: 0px 0px 0px 20px; list-style-position: inside;">双胞胎的父亲是同一个？</li><li style="margin: 0px; padding: 0px 0px 0px 20px; list-style-position: inside;">性别只有男和女？</li><li style="margin: 0px; padding: 0px 0px 0px 20px; list-style-position: inside;">婚姻只能是异性？ 关于这一点，推荐一篇强文——Gay marriage: the database engineering perspective&nbsp;(同性婚姻：数据库工程)</li></ul><h4 style="margin: 40px 0px 10px; padding: 10px 0px 10px 10px; font-family: ''Microsoft YaHei'', Arial; font-size: 21px; color: rgb(0, 136, 0); border-left-color: green; border-left-style: solid; border-left-width: thick; background-color: rgb(248, 248, 248);"><strong>2）没有认真分析用户案例</strong>（Use Case）</h4><p>在设计软件时，我们需要考虑各种各样的用户案例，比如如下的东西：</p><ul style="margin: 0px; padding: 0px 0px 10px; color: rgb(85, 85, 85); font-family: ''Open Sans'', ''Helvetica Neue'', ''Hiragino Sans GB'', sans-serif, Arial, Verdana, ''BitStream vera Sans'', Tahoma, Helvetica, sans-serif; font-size: 16px; line-height: 27.2000007629395px;"><li style="margin: 0px; padding: 0px 0px 0px 20px; list-style-position: inside;">私生子的问题</li><li style="margin: 0px; padding: 0px 0px 0px 20px; list-style-position: inside;">一夫多妻或一妻多夫，同父异母，同母异父</li><li style="margin: 0px; padding: 0px 0px 0px 20px; list-style-position: inside;">就算一夫多妻制违反法律，也会有离异再婚的情况</li><li style="margin: 0px; padding: 0px 0px 0px 20px; list-style-position: inside;">同性恋的问题，虽然不能繁衍，但可以领养。</li><li style="margin: 0px; padding: 0px 0px 0px 20px; list-style-position: inside;">换妻活动</li><li style="margin: 0px; padding: 0px 0px 0px 20px; list-style-position: inside;">各种乱伦关系——这种东西那个民族都不少，尤其是古时候，比如：<ul style="margin: 0px; padding: 0px 0px 10px;"><li style="margin: 0px; padding: 0px 0px 0px 20px; list-style-position: inside;">先后嫁了两个人其是父子关系（昭君）</li><li style="margin: 0px; padding: 0px 0px 0px 20px; list-style-position: inside;">达尔文同学和他的表妹，爱因斯坦的二婚是和他的表姐，埃及艳后嫁了她的弟弟，……</li><li style="margin: 0px; padding: 0px 0px 0px 20px; list-style-position: inside;">顺治同学娶了四个老婆，这四个人还是一家人：姑姑，侄女，妹妹，女儿。（参看这里）</li><li style="margin: 0px; padding: 0px 0px 0px 20px; list-style-position: inside;">刘邦同学的母后干出来的事，相当变态（参看这里）</li><li style="margin: 0px; padding: 0px 0px 0px 20px; list-style-position: inside;">中国古代的“扒灰老” （类似于楼主那个问题的Use Case）</li></ul></li></ul><p><strong>不想再列下去了，人类真TMD恶心，有点要吐了</strong>。</p><p>——————————为了缓解一下恶心的气氛，请允许我插入一个搞笑短文——————————</p><blockquote style="margin: 5px 0px; padding: 8px 12px 8px 36px; border: 1px dashed rgb(204, 204, 204); font-family: ''Open Sans'', ''Helvetica Neue'', Arial, ''Hiragino Sans GB'', sans-serif; color: rgb(85, 85, 85); font-size: 16px; line-height: 27.2000007629395px; background: url(http://coolshell.cn/wp-content/themes/inove/img/blockquote.gif) 3px 3px no-repeat rgb(244, 245, 247);"><p>一位自杀者在他的遗书里讲述了他自杀的原因，听起来实在让人头痛。遗书这样写道：“我和一个寡妇结了婚，她有一个已成年的女儿，我父亲跟我妻子带过来的女儿结了婚。所以我父亲就成了我的女婿，女儿就成了我的后母，我管父亲叫爸爸，而我父亲也管我叫爸爸；我女儿管我叫爸爸，但我却管她叫妈妈；我还得管我妻子叫姥姥，因为她是我后母的母亲。不久我女儿，也就是我后母生了一个儿子，他是我同父异母的弟弟，他也得管我叫姥爷，因为他也是我的外孙。后来我妻子，也就是我姥姥生了一个儿子，他是我后母的弟弟，我是他的外甥，所以儿子管我叫爸爸，我管儿子叫舅舅。另外我是我妻子，也就是我姥姥的外孙，同时也是我姥姥的丈夫，所已我也是我的外祖父。又因为我妻子是我的外祖母，我的儿子，也就是我的舅舅是我的弟弟和我女儿的弟弟，所以我……我的天哪，这么复杂的关系实在让我伤透了脑筋，我只有一死才能得以解脱……”</p></blockquote><p>————————————————————————插入完毕————————————————————</p><p>看完上面这个短文，不知道你是否和我一样，觉得这么一个简单的程序将是如此难做啊。<strong>另外，我决定在下一次的面试中让应聘者来设计Family Tree的程序</strong>。</p><p>我又说多了，现在还是让我们回到技术上来。除了上面那几个观点，我在回复中还看到了如入一些有意思的回复：</p><ul style="margin: 0px; padding: 0px 0px 10px; color: rgb(85, 85, 85); font-family: ''Open Sans'', ''Helvetica Neue'', ''Hiragino Sans GB'', sans-serif, Arial, Verdana, ''BitStream vera Sans'', Tahoma, Helvetica, sans-serif; font-size: 16px; line-height: 27.2000007629395px;"><li style="margin: 0px; padding: 0px 0px 0px 20px; list-style-position: inside;">“我的软件没有bug，是你的生活有bug”——让我想到了程序员惯用的借口</li><li style="margin: 0px; padding: 0px 0px 0px 20px; list-style-position: inside;">“算法中不应该加太多的限制，限制多了反而让算法不灵活。”</li><li style="margin: 0px; padding: 0px 0px 0px 20px; list-style-position: inside;">“移除断言，并不代表就不出错，对于这种rare case，我们最好给一个Warning提醒用户，让用户确认确实是这样的。”</li><li style="margin: 0px; padding: 0px 0px 0px 20px; list-style-position: inside;">“关于解决这个问题，移除那个断言，如果显示上会有问题的话，那就复制一下有不同关系的人就可以了”</li><li style="margin: 0px; padding: 0px 0px 0px 20px; list-style-position: inside;">“你真的应该想想你的软件的价值是什么？市场在哪里？你真的要照顾这样的用户吗？”</li></ul><p>挺好的，相信你对软件开发又学到了一些东西。</p>', 1, 1453363925),
(3, 3, '<p>人生中，观众向来比朋友多。观众只会让人从视觉上舒服，朋友却会让你内心感动。朋友不是天天见面，吃喝玩乐，相互吹捧。而是懂你，在精神上，灵魂上支持你，鼓励你，帮助你。在你有所不足时，指正你。肤浅的人，交的是观众；上进的人，交的是朋友。真正的朋友，不是只给你掌声和赞美。不要拒绝真诚的话，更不要拒绝一颗真诚的心。人与人，一场缘：心与心，一段交流。朋友，需要的不是数量，而是质量，与有品味，人品好的人相处才能提高自己。</p><p>关心，不需要甜言蜜语，真诚就好；友谊，不需要朝朝暮暮，记得就好；问候，不需要语句优美，真心就好；爱护，不需要某种形式，温暖就好。真正的朋友不是不离左右，而是默默关注，一句贴心的问候，一句有力的鼓励。友不友情，要看相处；永不永恒，要看时间。日子久了，与你无缘的自会走远，与你有缘的自会留下。<br></p><p>做一个坦荡的人，做一个真诚的人，做一个善良的人，做一个有尺度的人。人活着，一份自然再加一份真，人要善良，但更要有尺度，还要辩得清是非，不是所有的人都能成为朋友，也不是所有的人都值得你付出真心或是发善心。做人不要斤斤计较，但要有原则。他人有过，不究；于人有恩，不念。</p><p>来来往往的皆是过客，相伴同行的才是真朋友。一生中的朋友有很多，而真正的朋友却没有几个。懂你的无需多言，不懂你的说再多都是白费。真正的朋友会有一份笃定不移的信任。人要低头做事，更要睁眼看人，择真善人而交，择真君子而处。</p><p>人的一生，就是面临一个又一个的选择，包括选择朋友。交朋友，只是彼此间选择友好，而不是选择某个依靠。朋友间相互支持没有错，但不能把朋友当成某种精神支柱。人间的缘，聚聚散散，能一直走下去的少之又少。所以，无论何时，都要有一颗独立的心，假如有一天分开，你就不会失去自我，找不到方向。有多少好朋友，从无话不谈，到无话可谈，不是情不在，而是经不起某些风雨。交友需真需诚，对事需轻需淡，己心需独需立，距离需适需宜。</p><p>人活着，圈子不要太大，容得下自己和一部分人就好；朋友不在于多少，自然随意就好。有些人，只可远观不可近瞧；有些话，只可慢言不可说尽。朋友，淡淡交，慢慢处，才能长久；感情，浅浅尝，细细品，才有回味。朋友如茶，需品；相交如水，需淡。</p><p>一份好的缘分，是随缘；一份好的感情，是随性。相交莫强求，强求不香；相伴莫若惜，珍惜才久。有时候，人需要的不是物质的富有，而是心灵的慰籍；不是甜言蜜语的左右，而是相通的懂得。关乎于情，因为动心；感动于心，因为认真。</p><p>一段话入心，只因触碰心灵；一行泪流下，只因瓦解脆弱。人生中有朋友是幸福，有知己是难得，有知心是难求难得。风雨时，才能见真情；平淡中，才能见真心。有所珍惜，才有有所真心；有所懂得，才有有所值得。不相对，已然在心；不诉情，已然懂得。真心见真情，真情见真人。</p>', 1, 1430042312),
(2, 2, '<p>李白最疼爱的妻子是宗氏，她也是名人后裔。祖父是已故宰相宗楚客，到宗氏的时候，家里依然很体面。那宗模样俊俏不说，更是知书达理，温柔娴淑，在方圆百里，她的贤惠与才气是出了名的。宗氏才貌双全，这本来是大好事，可在这方圆百里，却成了愁事。原来一家有女百家求，前来求婚的络绎不绝，不过大多是胸无点墨之徒。或者手里有了几个臭钱，买彩票中了个奖，居然癞蛤蟆想天鹅屁吃。那宗姑娘心眼奇高，居然对这样利欲熏心的男子非常鄙视，凡是前来求婚的，要么写一幅字，要么做几首小诗。以致宗姑娘后来居然成了“剩女”，那些觊觎美色的人也是吃不到葡萄就说葡萄酸的说“我看你嫁不出去怎么办?”</p><p>那时候的大诗人李白老婆许夫人过世已久，又刚刚从长安游历过来。五十多岁的男人，整天形单影只，恰好在梁园一带和诗人高适杜甫等人游玩，有一次高兴起来，众人作诗助兴。轮到李白赋诗，但见醉眼惺忪的他抓起一支斗笔，踉踉跄跄走到雪白的粉壁前。二眸子放射出奇光异彩，胸中沟壑骤起狂澜，笔酣墨饱，不假思索地在粉墙上写下了“梁园吟”三个遒劲的大字。接着一首大作一挥而就。高适一见，拍手叫绝杜甫也赞美道：“真乃下笔惊风雨，诗成泣鬼神也!”众人相视一笑，继续高谈阔论。那天黄昏，宗姑娘恰好游园抚琴后打道回府路过这里的。透过窗户看见墨迹未干的白壁题诗，不由停下脚步。那荡人心魄的歌行体古诗深深吸引了她，见房中无人，便走进去观赏。</p><p>诗云：我浮黄河去京阙，挂席欲进波连山。天长水阔厌远涉，访古始及平台间。平台为客忧思多，对酒遂作梁园歌。却忆蓬池阮公咏，因吟“绿水扬洪波”。洪波浩荡迷旧国，路远西归安可得!人生达命岂暇愁，且饮美酒登高楼。平头奴子摇大扇，五月不热疑清秋。玉盘杨梅为君设，吴盐如花皎白雪。持盐把酒但饮之，莫学夷齐事高洁。昔人豪贵信陵君，今人耕种信陵坟。荒城虚照碧山月，古木尽入苍梧云。梁王宫阙今安在?枚马先归不相待。舞影歌声散渌池，空余汴水东流海。沉吟此事泪满衣，黄金买醉未能归。连呼五白行六博，分曹赌酒酣驰晖。歌且谣，意方远，东山高卧时起来，欲济苍生未应晚。这首诗荡气回肠，借咏梁园古迹，追怀商丘历史上的名人盛事，抒发诗人欲济苍生的豪情壮志。姑娘低吟了一遍，顿觉心旷神怡。这时，守院的僧人进来见刚粉刷的白壁被涂得漆黑一团，很不耐烦，举起抹布就揩擦。姑娘回过神来，惊呼道：“休要动手!”“这面墙我买了，你要妥善保护。我马上派人送来一千两纹银”。</p><p>僧人不禁目瞪口呆。不过一会儿就见到白花花的真金白银。宗小姐千金买壁的美谈不胫而走，后来传到李白的耳朵里，李白不由得怦然心动，自己飘零半生，居然没有一个女子对自己如此用心，于是托人打探，哪知道宗姑娘家人也在打探李白，这样郎才女貌，一见倾心。不过李白家徒四壁，没有彩礼，宗姑娘笑道一首《梁园吟》足矣，后来成亲之日，高适杜甫送来的贺礼也是每人的一首诗，这真是才子佳人的一段佳话。可见有时候古人的婚姻观也很前卫，没有麻烦的繁文缛节。</p>', 1, 1430726254),
(4, 4, '<p>慢慢的才知道，太在乎别人了往往会伤害自己。慢慢的才知道，对自己好的人会随着时间的流逝越来越少。慢慢的才知道，一个人要自己对自己好，因为真正关心你的人很少，有了事他们也不一定会在你身边。所以要自己照顾自己。慢慢的才知道，真心对一个人好不一定有回报，而你忽略的人往往有可能是最重视你的。</p><p>慢慢的才知道，很多东西是可遇而不可求的，很多东西只能拥有一次。慢慢的才知道，恋爱不一定是真心的，有可能是利益关系，有可能是攀比心理。慢慢的才知道，不要和别人争论什么，因为那是没有结果的，无论谁对谁错。慢慢的才知道，很多时候自己遇到不开心事，千万不要渴望别人同情，大多数人会采取冷漠回敬的。那样会更让人家看不起。</p><p>慢慢的才知道，有很多东西是不属于你的，你使劲强求会遭天遣的。慢慢的才知道，未必做每件事情都有意义，可是做的每件事情都觉得是一件回忆。慢慢的才知道，人的性格可以差异到如此之大。慢慢的才知道，许多曾经的人会变的让你认不出，但请留住回忆。</p><p>慢慢的才知道，从现在开始应该把握每一个你能把握的人，放弃你留不住的人，不要因为想留住个别人而失去一群人。慢慢的才知道，自己一定在乎自己的自尊，但你的自尊在别人眼里根本不算什么。慢慢的才知道，不要心情不好的时候对周围人发脾气，渴望他们谅解你，人家不是你的父母，现在你可以明白父母对自己多么重要。</p><p>慢慢的才知道，即便有人对情感看的无所谓，你一定要坚信，人之间的感情，有可能会令所有东西都无法超越的，但记住，只是有可能。慢慢的才知道，原来现实如此的无奈。慢慢的才知道，会遇到许多自己看不惯的人或事，但那与你无关，别人爱咋整随他便，别生不该生的气，不值。</p><p>慢慢的才知道，两个天天在一起的人不一定是朋友，有可能什么都不是。慢慢的才知道，会遇到很多诱惑，无论别人怎么样，你是你，你有你的原则和底限。慢慢的才知道，会有人很讨厌你或者和你过不去，但是他爱怎么样就怎么样，我们要大度，不和小人计较，但前提是你正确。</p><p>慢慢的才知道，很多人无法理解男女之间的朋友关系，在一起就一定是恋人，不是恋人就一定不能在一起。慢慢的才知道，学习要刻苦，因为凭聪明就能应付考试科目的人是凤毛翎角。慢慢的才知道，原来时间一空闲下来是那么无聊，丝毫没有中学的充实的感觉。慢慢的才知道，手机是别人有事找你的时候用的，并不是为了交流感情的。</p><p>慢慢的才知道，可以不把所有人当朋友，但千万不能把一个人当敌人，至少可以当同学。慢慢的才知道，玩你能玩的起的，玩不起的千万别玩，不然会输了什么都没有的。慢慢的才知道，快乐常常来自回忆，而痛苦常常来自于回忆与现实的差距。慢慢的才知道，那些嘻哈打闹只是消遣而已，而过往的抽烟打架更是无知。</p><p>慢慢的才知道，有很多人的想法与做法你无法理解，或是根本不知道他在想什么，千万别在那揣摩或者瞎猜，那样会让自己累，既然人家要保持神秘感那就让人家保持去啊，自己又不是占卜师。慢慢的才知道，不要把自己想的有多高，没有绝对性的胜利，也没有绝对性的失败。慢慢的才知道，生活是有很多不公平的，你一定要正视，相信实力和群众的眼睛。</p><p>慢慢的才知道，兄弟情义有时候未必是想像的那么美好，只有自己真心付出，才有可能得到别人的真心对待。慢慢的才知道，有的人不断的算计，到头还来是会输的很惨，所以应当保持一个平和的心！慢慢的才知道，有的事情不是自己所愿意的，但是有的事情必须得去完成，那也是对自己的一段特训。</p><p>慢慢的才知道，原来两个人在一起或真或假，相处的时间还是占据着重要成份。慢慢的才知道，现实根想法的差距，必须要随机应变，跟上生活的步伐！慢慢的才知道，自己也在慢慢长大，不在是小孩子了，适应着每一件事的成长。慢慢的才知道，不要把自己想的有多高，没有绝对性的胜利，也没有绝对性的失败。</p><p>慢慢的才知道，给人留一线日后好相见的真正意义，没有永远的敌人只有永远的朋友，凡事不要做的太绝，事情的结局都是用嘴巴说出来的。慢慢的才知道，不管玩的多好的朋友都有可能失去，但是我们还是要乐观面对，若是真的把他（她）当作自己的朋友就应该为他（她）祝福。遥望！只是做自己所做的。</p>', 1, 1430038262),
(5, 5, '<p></p><p>1、耿浩（黄渤 饰）遭遇了感情危机，老婆成了有钱人（李晨 饰）的“小三儿”。两人决定离婚，协议书上写着家产分半，于是，性格拧巴的耿浩用电锯将家里所有的物体都一分为二。但这时，她的委托人（郭涛 饰）却说，她所有的家产都不要。气急败坏的耿浩在天桥上等待着报复那个夺走他老婆的有钱人，但关键时刻懦弱的他却选择了放弃。</p><p>2、醉酒的耿浩被好朋友郝义（徐峥 饰）带到医院输液醒酒。翌日，郝义以给剧组送道具为由，决定陪耿浩开始一段艳遇之旅——去寻找3000公里的姑娘。于是一段由两个男人和一只狗组成的旅行开始了。</p><p>3、康小雨身边的闺蜜们一个个都结婚了，而她只有跟别人当伴娘的份儿。独自一人生活的康小雨生活过的并不幸福，因为在互联网听了一首耿浩做歌手时唱过的《去大理》而决定去大理寻找一段属于自己的艳遇。</p><p>4、搭讪高手郝义一边开车一边随心所欲的和耿浩聊天，连沿途遇到的收费站的女收费员都不忘搭讪一把。康小雨只身来到了传说中的大理。古城里人来人往，热闹非凡。康小雨的心情也随之愉悦起来。一段旅途后，傍晚，耿浩郝义两人来到了天门山的“阿凡达大舞台”。</p><p>5、拍卖活动上，耿浩一个不经心的举动让他损失了五千块钱。为此他们结识了“阿凡达女郎”东东（陶慧 饰），本来只是介绍给耿浩的姑娘，不料却被情商更高一筹的郝义搞到了手。并以看道具为由和东东玩起了车震。</p><p>6、康小雨在大理一家旅馆前捡到了一只无人认养的狗狗。住在旅馆的她望着对面的湖水开心的呼喊起来。车上，郝义在用自己的人生哲理教育耿浩，为了使耿浩脱离苦海，他将自己未见过面的网友，理发店的周丽娟（周冬雨 饰）介绍给了耿浩。于是，两人驾车来到了她的理发店。耿浩见到了“杀马特”周丽娟，并为她打了耳钉。</p><p>7、“阿凡达女郎”东东随着郝义的汽车追到了理发店门口找到了郝义。卸了妆的她一脸清秀，甚是美丽。而屋里只留下了耿浩和周丽娟，几句话之后，周丽娟的男友过来了，并发现了耿浩和女友的“奸情”。两人吵架时，男友怒骂耿浩是“小三”，这让耿浩愤怒不已却又甚是无奈。</p><p>8、康小雨在结缘网注册了账户，并希望通过这种方式找到自己的如意郎君，可结果看到的都是极品男的形象。于是康小雨只好闻声来到大理的一家音乐酒吧。结识了夜色酒吧的老板。郝义和东东睡了一夜之后连忙逃跑，因为他的人生哲理是一个人绝对不能睡两次。没有任何收获的耿浩失去耐心想要回来，意见不同的两人从车上下来拿着剧组的道具在路边争执，不料车上掉下来的物品却让前方驶来的汽车抛锚了。</p><p>9、车上下来的是一个叫思晴（张俪 饰）的美女，郝义上前搭讪不料中了思晴的“防狼喷雾剂”，当然，耿浩也未能逃过一劫。双眼红肿的耿浩执意要去机场，而车又抛锚的他只能让思晴开车将他们的道具车拖走。思晴的车因刹车失灵而差点将郝义和他的车一起撞向悬崖。</p><p>10、康小雨在旅店门口教训小狗的时候听到了耿浩的那首《去大理》，闻声找去，原来是昨晚的夜色酒吧传来的声音。康小雨拿了一百块钱将那张CD买走，却因找CD盒的时候无意将酒吧搞的一片狼藉。无奈又赔钱给酒吧老板。</p><br>', 1, 1417877665),
(6, 6, '', 1, 1418440668);

-- 转存表中的数据 `jycms_article_title`

INSERT INTO `jycms_article_title` (`aid`, `catid`, `kid`, `uid`, `username`, `title`, `shorttitle`, `keywords`, `author`, `from`, `fromurl`, `summary`, `contents`, `allowcomment`, `dateline`, `status`, `fromrss`, `readed`, `viewnum`, `commentnum`, `customfieldid`, `customfieldtext`, `rank`, `ding`, `cai`) VALUES
(1, 3, 0, 1, '管理员', '软件真的好难做啊', '', '', '陈皓', '酷壳', 'http://coolshell.cn/articles/4811.html', '还记得以前本站的那一篇“编程好难啊”吗，那是一篇众程序员调侃程序新手的文章，有恶搞的成分在里面。今天要和大家说的这个事没有一些恶搞和调侃的意思，是比较严肃的话题，你一定可以从中收获一些东西。这个话题来自StackOverflow上的一个问题——Cycle in Family Tree Softwa&nbsp;', 1, 0, 0, 1, 0, 0, 0, 0, 0, '', 0, 1, 0),
(2, 21, 0, 1, '管理员', '历史上李白竟凭一首诗换来了一个老婆', '', '', '', '', '', '李白最疼爱的妻子是宗氏，她也是名人后裔。祖父是已故宰相宗楚客，到宗氏的时候，家里依然很体面。那宗模样俊俏不说，更是知书达理，温柔娴淑，在方圆百里，她的贤惠与才气是出了名的。宗氏才貌双全，这本来是大好事，可在这方圆百里，却成了愁事。原来一家有女百家求，前来求婚的络绎不绝，不过&nbsp;', 1, 0, 0, 1, 0, 0, 0, 0, 0, '', 0, 1, 0),
(3, 22, 0, 1, '管理员', '真正的朋友不是不离左右，而是默默关注', '', '', '', '', '', '人生中，观众向来比朋友多。观众只会让人从视觉上舒服，朋友却会让你内心感动。朋友不是天天见面，吃喝玩乐，相互吹捧。而是懂你，在精神上，灵魂上支持你，鼓励你，帮助你。在你有所不足时，指正你。肤浅的人，交的是观众；上进的人，交的是朋友。真正的朋友，不是只给你掌声和赞美。不要拒绝真诚&nbsp;', 1, 0, 0, 1, 0, 0, 0, 0, 0, '', 0, 0, 0),
(4, 22, 0, 1, '管理员', '老是乱想的人看看，写的太真实，太有哲理了', '', '', '', '', '', '慢慢的才知道，太在乎别人了往往会伤害自己。慢慢的才知道，对自己好的人会随着时间的流逝越来越少。慢慢的才知道，一个人要自己对自己好，因为真正关心你的人很少，有了事他们也不一定会在你身边。所以要自己照顾自己。慢慢的才知道，真心对一个人好不一定有回报，而你忽略的人往往有&nbsp;', 1, 0, 0, 1, 0, 0, 0, 0, 0, '', 0, 0, 0),
(5, 12, 0, 1, '管理员', '心花路放', 'XinHuaLuFang', '', '', '', '', '1、耿浩（黄渤 饰）遭遇了感情危机，老婆成了有钱人（李晨 饰）的“小三儿”。两人决定离婚，协议书上写着家产分半，于是，性格拧巴的耿浩用电锯将家里所有的物体都一分为二。但这时，她的委托人（郭涛 饰）却说，她所有的家产都不要。气急败坏的耿浩在天桥上等待着报复 ...', 1, 0, 0, 1, 0, 0, 0, 0, 2, 'a:7:{i:0;s:6:"宁浩";i:1;s:69:"岳小军、邢爱娜、孙小杭、董润年、章笛沙、张艺凡";i:2;s:9:"剧情片";i:3;s:160:"黄渤 徐峥 袁泉 周冬雨 陶慧 岳小军 沈腾 张俪 马苏 刘美含 王砚辉 焦俊艳 郭涛 李晨 熊乃瑾 夏雨 刘仪伟 雷佳音 雍梦婷 ";i:4;s:6:"114min";i:5;a:2:{s:4:"note";a:2:{i:0;s:32:"心花路放.720p.HD国语中字";i:1;s:33:"心花路放.1080p.HD国语中字";}s:3:"url";a:2:{i:0;s:197:"ed2k://|file|%E5%BF%83HL%E6%94%BE.HD1280%E9%AB%98%E6%B8%85%E5%9B%BD%E8%AF%AD%E4%B8%AD%E8%8B%B1%E5%8F%8C%E5%AD%97.mp4|1420425509|F7B3F965AD71D1BFBA9556D82EF37C0A|h=B24MRSE6HRWI7SKULAYRPERNECUI7HRY|/";i:1;s:198:"ed2k://|file|xhlf.1080p.HD%E5%9B%BD%E8%AF%AD%E4%B8%AD%E5%AD%97%E3%80%906v%E7%94%B5%E5%BD%B1www.6vhao.net%E3%80%91.mp4|2762474952|15BA54916A91EAA18F3F31E1CCE95BF0|h=J6KVLGHK63SKOAYCSKTQGBJP6BI4NEIZ|/";}}i:6;a:2:{s:4:"note";a:1:{i:0;s:0:"";}s:3:"url";a:1:{i:0;s:0:"";}}}', 0, 0, 0),
(6, 20, 0, 1, '管理员', '全球20座“仙境之桥” 中国黄山步仙桥上榜', 'QuanQiu20ZuoXianJingZhiQiao-ZhongGuoHuangShanBuXianQiaoShangBang', '', 'webmaster', '', 'http://travel.163.com/photoview/5LIG0006/64510.html#p=AC4PCQOS17KK0006', '', 1, 0, 0, 1, 0, 0, 0, 0, 0, '', 0, 0, 0);

-- 转存表中的数据 `jycms_attachment`

INSERT INTO `jycms_attachment` (`attachid`, `uid`, `dateline`, `filename`, `filetype`, `filesize`, `attachment`, `isimage`, `thumb`, `aidtype`, `aid`, `driver`) VALUES
(1, 1, 1418433201, 'AC4PCQOS17KK0006.jpg', 'jpg', 72311, '201412/13/b3f690995a1b96bda779889dfd6c1ca6.jpg', 1, 1, 'article', 6, 'QINIU'),
(2, 1, 1418433201, 'AC4PCR9M17KK0006.jpg', 'jpg', 93590, '201412/13/08ebcae3f8905b5514a6d57c3fe81302.jpg', 1, 1, 'article', 6, 'QINIU'),
(3, 1, 1418433201, 'AC4PCS0917KK0006.jpg', 'jpg', 144770, '201412/13/141c85bb40e851636d78716dc4d91584.jpg', 1, 1, 'article', 6, 'QINIU'),
(4, 1, 1418433201, 'AC4PCSE217KK0006.jpg', 'jpg', 68245, '201412/13/d962526342bee0d60c49d643fd095b85.jpg', 1, 1, 'article', 6, 'QINIU'),
(5, 1, 1418433201, 'AC4PCSG917KK0006.jpg', 'jpg', 80536, '201412/13/de17333cbfbf4620f0da1d8a3a440292.jpg', 1, 1, 'article', 6, 'QINIU'),
(6, 1, 1418433201, 'AC4PCSMV17KK0006.jpg', 'jpg', 87628, '201412/13/30f768a0cc86bdb27bfad11e797b5cd8.jpg', 1, 1, 'article', 6, 'QINIU'),
(7, 1, 1418433201, 'AC4PCT1717KK0006.jpg', 'jpg', 72704, '201412/13/2b49bfd7a06c9bf4d7bc00a4fce3f5d9.jpg', 1, 1, 'article', 6, 'QINIU'),
(8, 1, 1418433201, 'AC4PCT1E17KK0006.jpg', 'jpg', 36068, '201412/13/4acbfcb8dcd3e47d02964fbf50445467.jpg', 1, 1, 'article', 6, 'QINIU'),
(9, 1, 1418433201, 'AC4PCTE617KK0006.jpg', 'jpg', 101881, '201412/13/8ae180836b0667fe5678f86c64eace17.jpg', 1, 1, 'article', 6, 'QINIU'),
(10, 1, 1418433201, 'AC4PCTGV17KK0006.jpg', 'jpg', 111474, '201412/13/be50b1a18766b0adfa16f91a512af7bb.jpg', 1, 1, 'article', 6, 'QINIU'),
(11, 1, 1418433201, 'AC4PCTTR17KK0006.jpg', 'jpg', 56917, '201412/13/d5e2747ecd8cfaa7838bbab0c0234442.jpg', 1, 1, 'article', 6, 'QINIU'),
(12, 1, 1418433201, 'AC4PCU1C17KK0006.jpg', 'jpg', 95947, '201412/13/3f3b5098d4c18bbfbb9427a0f9493665.jpg', 1, 1, 'article', 6, 'QINIU'),
(13, 1, 1418433201, 'AC4PCUAL17KK0006.jpg', 'jpg', 117265, '201412/13/39a0948eabc467e764df7df588ba00c0.jpg', 1, 1, 'article', 6, 'QINIU'),
(14, 1, 1418433201, 'AC4PCUOP17KK0006.jpg', 'jpg', 100322, '201412/13/2d00683e53fc34c8da9329c35821bcf6.jpg', 1, 1, 'article', 6, 'QINIU'),
(15, 1, 1418433201, 'AC4PCUPK17KK0006.jpg', 'jpg', 67904, '201412/13/a907922766135064aebe0911daf9bc11.jpg', 1, 1, 'article', 6, 'QINIU'),
(16, 1, 1418433201, 'AC4PCV6217KK0006.jpg', 'jpg', 88699, '201412/13/7e57d561082f252009d08d046f790b93.jpg', 1, 1, 'article', 6, 'QINIU'),
(17, 1, 1418433201, 'AC4PCV6E17KK0006.jpg', 'jpg', 73563, '201412/13/e131cbcb630d21d8e504031e7d3e05e8.jpg', 1, 1, 'article', 6, 'QINIU'),
(18, 1, 1418433201, 'AC4PCVN717KK0006.jpg', 'jpg', 107809, '201412/13/97672b2dfbe720c8b2636c33c442ccfe.jpg', 1, 1, 'article', 6, 'QINIU'),
(19, 1, 1418433201, 'AC4PD00C17KK0006.jpg', 'jpg', 92919, '201412/13/b39e9cc9f060dc8469d0621559dcdf73.jpg', 1, 1, 'article', 6, 'QINIU'),
(20, 1, 1418433201, 'AC4PD0QG17KK0006.jpg', 'jpg', 90905, '201412/13/9d2ae71f5ca03433f97dda57efc8d1af.jpg', 1, 1, 'article', 6, 'QINIU');

-- 转存表中的数据 `jycms_auth_rule`

INSERT INTO `jycms_auth_rule` (`id`, `module`, `type`, `name`, `title`, `status`, `condition`) VALUES
(1, 'admin', 2, 'Admin/Index/index', '首页', 1, ''),
(2, 'admin', 2, 'Admin/Article/index', '内容', 1, ''),
(3, 'admin', 2, 'Admin/User/index', '用户', 1, ''),
(4, 'admin', 2, 'Admin/Addons/index', '扩展', 1, ''),
(5, 'admin', 2, 'Admin/Config/group', '系统', 1, ''),
(7, 'admin', 1, 'Admin/article/add', '新增', 1, ''),
(8, 'admin', 1, 'Admin/article/edit', '编辑', 1, ''),
(9, 'admin', 1, 'Admin/article/setStatus', '改变状态', 1, ''),
(10, 'admin', 1, 'Admin/article/update', '保存', 1, ''),
(11, 'admin', 1, 'Admin/article/autoSave', '保存草稿', 1, ''),
(12, 'admin', 1, 'Admin/article/move', '移动', 1, ''),
(13, 'admin', 1, 'Admin/article/copy', '复制', 1, ''),
(14, 'admin', 1, 'Admin/article/paste', '粘贴', 1, ''),
(15, 'admin', 1, 'Admin/article/permit', '还原', 1, ''),
(16, 'admin', 1, 'Admin/article/clear', '清空', 1, ''),
(17, 'admin', 1, 'Admin/article/examine', '审核列表', 1, ''),
(18, 'admin', 1, 'Admin/article/recycle', '回收站', 1, ''),
(19, 'admin', 1, 'Admin/User/addaction', '新增用户行为', 1, ''),
(20, 'admin', 1, 'Admin/User/editaction', '编辑用户行为', 1, ''),
(21, 'admin', 1, 'Admin/User/saveAction', '保存用户行为', 1, ''),
(22, 'admin', 1, 'Admin/User/setStatus', '变更行为状态', 1, ''),
(23, 'admin', 1, 'Admin/User/changeStatus?method=forbidUser', '禁用会员', 1, ''),
(24, 'admin', 1, 'Admin/User/changeStatus?method=resumeUser', '启用会员', 1, ''),
(25, 'admin', 1, 'Admin/User/changeStatus?method=deleteUser', '删除会员', 1, ''),
(26, 'admin', 1, 'Admin/User/index', '用户信息', 1, ''),
(27, 'admin', 1, 'Admin/User/action', '用户行为', 1, ''),
(28, 'admin', 1, 'Admin/Auth/changeStatus?method=deleteGroup', '删除', 1, ''),
(29, 'admin', 1, 'Admin/Auth/changeStatus?method=forbidGroup', '禁用', 1, ''),
(30, 'admin', 1, 'Admin/Auth/changeStatus?method=resumeGroup', '恢复', 1, ''),
(31, 'admin', 1, 'Admin/Auth/createGroup', '新增', 1, ''),
(32, 'admin', 1, 'Admin/Auth/editGroup', '编辑', 1, ''),
(33, 'admin', 1, 'Admin/Auth/writeGroup', '保存用户组', 1, ''),
(34, 'admin', 1, 'Admin/Auth/group', '授权', 1, ''),
(35, 'admin', 1, 'Admin/Auth/access', '访问授权', 1, ''),
(36, 'admin', 1, 'Admin/Auth/user', '成员授权', 1, ''),
(37, 'admin', 1, 'Admin/Auth/removeFromGroup', '解除授权', 1, ''),
(38, 'admin', 1, 'Admin/Auth/addToGroup', '保存成员授权', 1, ''),
(39, 'admin', 1, 'Admin/Auth/category', '分类授权', 1, ''),
(40, 'admin', 1, 'Admin/Auth/addToCategory', '保存分类授权', 1, ''),
(41, 'admin', 1, 'Admin/Auth/index', '权限管理', 1, ''),
(42, 'admin', 1, 'Admin/Addons/create', '创建', 1, ''),
(43, 'admin', 1, 'Admin/Addons/checkForm', '检测创建', 1, ''),
(44, 'admin', 1, 'Admin/Addons/preview', '预览', 1, ''),
(45, 'admin', 1, 'Admin/Addons/build', '快速生成插件', 1, ''),
(46, 'admin', 1, 'Admin/Addons/config', '设置', 1, ''),
(47, 'admin', 1, 'Admin/Addons/disable', '禁用', 1, ''),
(48, 'admin', 1, 'Admin/Addons/enable', '启用', 1, ''),
(49, 'admin', 1, 'Admin/Addons/install', '安装', 1, ''),
(50, 'admin', 1, 'Admin/Addons/uninstall', '卸载', 1, ''),
(51, 'admin', 1, 'Admin/Addons/saveconfig', '更新配置', 1, ''),
(52, 'admin', 1, 'Admin/Addons/adminList', '插件后台列表', 1, ''),
(53, 'admin', 1, 'Admin/Addons/execute', 'URL方式访问插件', 1, ''),
(54, 'admin', 1, 'Admin/Addons/index', '插件管理', 1, ''),
(55, 'admin', 1, 'Admin/Addons/hooks', '钩子管理', 1, ''),
(61, 'admin', 1, 'Admin/Config/edit', '编辑', 1, ''),
(62, 'admin', 1, 'Admin/Config/del', '删除', 1, ''),
(63, 'admin', 1, 'Admin/Config/add', '新增', 1, ''),
(64, 'admin', 1, 'Admin/Config/save', '保存', 1, ''),
(65, 'admin', 1, 'Admin/Config/group', '网站设置', 1, ''),
(66, 'admin', 1, 'Admin/Config/index', '配置管理', 1, ''),
(67, 'admin', 1, 'Admin/Nav/add', '新增', 1, ''),
(68, 'admin', 1, 'Admin/Nav/edit', '编辑', 1, ''),
(69, 'admin', 1, 'Admin/Nav/del', '删除', 1, ''),
(70, 'admin', 1, 'Admin/Nav/index', '导航管理', 1, ''),
(71, 'admin', 1, 'Admin/Categories/edit', '编辑', 1, ''),
(72, 'admin', 1, 'Admin/Categories/add', '新增', 1, ''),
(73, 'admin', 1, 'Admin/Categories/remove', '删除', 1, ''),
(74, 'admin', 1, 'Admin/Categories/index', '分类管理', 1, ''),
(75, 'admin', 1, 'Admin/file/upload', '上传控件', -1, ''),
(76, 'admin', 1, 'Admin/file/uploadPicture', '上传图片', -1, ''),
(77, 'admin', 1, 'Admin/file/download', '下载', -1, ''),
(94, 'admin', 1, 'Admin/Auth/modelauth', '模型授权', 1, ''),
(79, 'admin', 1, 'Admin/article/batchOperate', '导入', 1, ''),
(80, 'admin', 1, 'Admin/Database/index?type=export', '备份数据库', 1, ''),
(81, 'admin', 1, 'Admin/Database/index?type=import', '还原数据库', 1, ''),
(82, 'admin', 1, 'Admin/Database/export', '备份', 1, ''),
(83, 'admin', 1, 'Admin/Database/optimize', '优化表', 1, ''),
(84, 'admin', 1, 'Admin/Database/repair', '修复表', 1, ''),
(86, 'admin', 1, 'Admin/Database/import', '恢复', 1, ''),
(87, 'admin', 1, 'Admin/Database/del', '删除', 1, ''),
(88, 'admin', 1, 'Admin/User/add', '新增用户', 1, ''),
(95, 'admin', 1, 'Admin/Auth/addToModel', '保存模型授权', 1, ''),
(96, 'admin', 1, 'Admin/Categories/move', '移动', -1, ''),
(97, 'admin', 1, 'Admin/Categories/merge', '合并', -1, ''),
(98, 'admin', 1, 'Admin/Config/menu', '后台菜单管理', -1, ''),
(99, 'admin', 1, 'Admin/Article/mydocument', '内容', -1, ''),
(100, 'admin', 1, 'Admin/Menu/index', '菜单管理', 1, ''),
(101, 'admin', 1, 'Admin/other', '其他', -1, ''),
(102, 'admin', 1, 'Admin/Menu/add', '新增', 1, ''),
(103, 'admin', 1, 'Admin/Menu/edit', '编辑', 1, ''),
(107, 'admin', 1, 'Admin/Action/actionlog', '行为日志', 1, ''),
(108, 'admin', 1, 'Admin/User/updatePassword', '修改密码', 1, ''),
(109, 'admin', 1, 'Admin/User/updateNickname', '修改昵称', 1, ''),
(110, 'admin', 1, 'Admin/action/edit', '查看行为日志', 1, ''),
(111, 'admin', 2, 'Admin/article/index', '文档列表', -1, ''),
(112, 'admin', 2, 'Admin/article/add', '新增', -1, ''),
(113, 'admin', 2, 'Admin/article/edit', '编辑', -1, ''),
(114, 'admin', 2, 'Admin/article/setStatus', '改变状态', -1, ''),
(115, 'admin', 2, 'Admin/article/update', '保存', -1, ''),
(116, 'admin', 2, 'Admin/article/autoSave', '保存草稿', -1, ''),
(117, 'admin', 2, 'Admin/article/move', '移动', -1, ''),
(118, 'admin', 2, 'Admin/article/copy', '复制', -1, ''),
(119, 'admin', 2, 'Admin/article/paste', '粘贴', -1, ''),
(120, 'admin', 2, 'Admin/article/batchOperate', '导入', -1, ''),
(121, 'admin', 2, 'Admin/article/recycle', '回收站', -1, ''),
(122, 'admin', 2, 'Admin/article/permit', '还原', -1, ''),
(123, 'admin', 2, 'Admin/article/clear', '清空', -1, ''),
(124, 'admin', 2, 'Admin/User/add', '新增用户', -1, ''),
(125, 'admin', 2, 'Admin/User/action', '用户行为', -1, ''),
(126, 'admin', 2, 'Admin/User/addAction', '新增用户行为', -1, ''),
(127, 'admin', 2, 'Admin/User/editAction', '编辑用户行为', -1, ''),
(128, 'admin', 2, 'Admin/User/saveAction', '保存用户行为', -1, ''),
(129, 'admin', 2, 'Admin/User/setStatus', '变更行为状态', -1, ''),
(130, 'admin', 2, 'Admin/User/changeStatus?method=forbidUser', '禁用会员', -1, ''),
(131, 'admin', 2, 'Admin/User/changeStatus?method=resumeUser', '启用会员', -1, ''),
(132, 'admin', 2, 'Admin/User/changeStatus?method=deleteUser', '删除会员', -1, ''),
(133, 'admin', 2, 'Admin/Auth/index', '权限管理', -1, ''),
(134, 'admin', 2, 'Admin/Auth/changeStatus?method=deleteGroup', '删除', -1, ''),
(135, 'admin', 2, 'Admin/Auth/changeStatus?method=forbidGroup', '禁用', -1, ''),
(136, 'admin', 2, 'Admin/Auth/changeStatus?method=resumeGroup', '恢复', -1, ''),
(137, 'admin', 2, 'Admin/Auth/createGroup', '新增', -1, ''),
(138, 'admin', 2, 'Admin/Auth/editGroup', '编辑', -1, ''),
(139, 'admin', 2, 'Admin/Auth/writeGroup', '保存用户组', -1, ''),
(140, 'admin', 2, 'Admin/Auth/group', '授权', -1, ''),
(141, 'admin', 2, 'Admin/Auth/access', '访问授权', -1, ''),
(142, 'admin', 2, 'Admin/Auth/user', '成员授权', -1, ''),
(143, 'admin', 2, 'Admin/Auth/removeFromGroup', '解除授权', -1, ''),
(144, 'admin', 2, 'Admin/Auth/addToGroup', '保存成员授权', -1, ''),
(145, 'admin', 2, 'Admin/Auth/category', '分类授权', -1, ''),
(146, 'admin', 2, 'Admin/Auth/addToCategory', '保存分类授权', -1, ''),
(147, 'admin', 2, 'Admin/Auth/modelauth', '模型授权', -1, ''),
(148, 'admin', 2, 'Admin/Auth/addToModel', '保存模型授权', -1, ''),
(149, 'admin', 2, 'Admin/Addons/create', '创建', -1, ''),
(150, 'admin', 2, 'Admin/Addons/checkForm', '检测创建', -1, ''),
(151, 'admin', 2, 'Admin/Addons/preview', '预览', -1, ''),
(152, 'admin', 2, 'Admin/Addons/build', '快速生成插件', -1, ''),
(153, 'admin', 2, 'Admin/Addons/config', '设置', -1, ''),
(154, 'admin', 2, 'Admin/Addons/disable', '禁用', -1, ''),
(155, 'admin', 2, 'Admin/Addons/enable', '启用', -1, ''),
(156, 'admin', 2, 'Admin/Addons/install', '安装', -1, ''),
(157, 'admin', 2, 'Admin/Addons/uninstall', '卸载', -1, ''),
(158, 'admin', 2, 'Admin/Addons/saveconfig', '更新配置', -1, ''),
(159, 'admin', 2, 'Admin/Addons/adminList', '插件后台列表', -1, ''),
(160, 'admin', 2, 'Admin/Addons/execute', 'URL方式访问插件', -1, ''),
(161, 'admin', 2, 'Admin/Addons/hooks', '钩子管理', -1, ''),
(172, 'admin', 2, 'Admin/Config/index', '配置管理', -1, ''),
(173, 'admin', 2, 'Admin/Config/edit', '编辑', -1, ''),
(174, 'admin', 2, 'Admin/Config/del', '删除', -1, ''),
(175, 'admin', 2, 'Admin/Config/add', '新增', -1, ''),
(176, 'admin', 2, 'Admin/Config/save', '保存', -1, ''),
(177, 'admin', 2, 'Admin/Menu/index', '菜单管理', -1, ''),
(178, 'admin', 2, 'Admin/Nav/index', '导航管理', -1, ''),
(179, 'admin', 2, 'Admin/Nav/add', '新增', -1, ''),
(180, 'admin', 2, 'Admin/Nav/edit', '编辑', -1, ''),
(181, 'admin', 2, 'Admin/Nav/del', '删除', -1, ''),
(182, 'admin', 2, 'Admin/Categories/index', '分类管理', -1, ''),
(183, 'admin', 2, 'Admin/Categories/edit', '编辑', -1, ''),
(184, 'admin', 2, 'Admin/Categories/add', '新增', -1, ''),
(185, 'admin', 2, 'Admin/Categories/remove', '删除', -1, ''),
(186, 'admin', 2, 'Admin/Categories/move', '移动', -1, ''),
(187, 'admin', 2, 'Admin/Categories/merge', '合并', -1, ''),
(188, 'admin', 2, 'Admin/Database/index?type=export', '备份数据库', -1, ''),
(189, 'admin', 2, 'Admin/Database/export', '备份', -1, ''),
(190, 'admin', 2, 'Admin/Database/optimize', '优化表', -1, ''),
(191, 'admin', 2, 'Admin/Database/repair', '修复表', -1, ''),
(192, 'admin', 2, 'Admin/Database/index?type=import', '还原数据库', -1, ''),
(193, 'admin', 2, 'Admin/Database/import', '恢复', -1, ''),
(194, 'admin', 2, 'Admin/Database/del', '删除', -1, ''),
(195, 'admin', 2, 'Admin/other', '其他', 1, ''),
(196, 'admin', 2, 'Admin/Menu/add', '新增', -1, ''),
(197, 'admin', 2, 'Admin/Menu/edit', '编辑', -1, ''),
(201, 'admin', 2, 'Admin/Action/actionlog', '行为日志', -1, ''),
(202, 'admin', 2, 'Admin/User/updatePassword', '修改密码', -1, ''),
(203, 'admin', 2, 'Admin/User/updateNickname', '修改昵称', -1, ''),
(204, 'admin', 2, 'Admin/action/edit', '查看行为日志', -1, ''),
(207, 'admin', 1, 'Admin/Menu/import', '导入', 1, ''),
(209, 'admin', 1, 'Admin/Addons/addHook', '新增钩子', 1, ''),
(210, 'admin', 1, 'Admin/Addons/edithook', '编辑钩子', 1, ''),
(211, 'admin', 1, 'Admin/Article/sort', '文档排序', 1, ''),
(212, 'admin', 1, 'Admin/Config/sort', '排序', 1, ''),
(213, 'admin', 1, 'Admin/Menu/sort', '排序', 1, ''),
(214, 'admin', 1, 'Admin/Nav/sort', '排序', 1, ''),
(215, 'admin', 1, 'Admin/Categories/operate/type/move', '移动', 1, ''),
(216, 'admin', 1, 'Admin/Categories/operate/type/merge', '合并', 1, ''),
(217, 'admin', 1, 'Admin/article/index', '文档列表', 1, '');

-- 转存表中的数据 `jycms_categories`

INSERT INTO `jycms_categories` (`catid`, `upid`, `catname`, `articles`, `allowcomment`, `displayorder`, `uid`, `username`, `dateline`, `status`, `shownav`, `description`, `keyword`, `primaltplname`, `allowpublish`, `contenttplname`, `ordertype`) VALUES
(1, 0, '工作生活', 0, 0, 0, 1, 'hoping', 1418022985, 0, 1, '', '', 'lists.html', 0, 'view.html', 0),
(3, 1, '代码人生', 1, 1, 0, 0, '', 0, 1, 1, '', '', 'lists.html', 1, 'view.html', 0),
(4, 1, '未分类', 0, 1, 0, 0, '', 0, 1, 1, '', '', 'lists.html', 1, 'view.html', 0),
(5, 1, '有车一族', 0, 1, 0, 1, 'admin', 1408847133, 1, 1, '', '', 'lists.html', 1, 'view.html', 0),
(6, 1, '生活点滴', 0, 1, 0, 1, 'hoping', 1414896294, 1, 1, '', '', 'lists.html', 1, 'view.html', 0),
(7, 1, '计算机相关', 0, 1, 0, 0, '', 0, 1, 1, '', '', 'lists.html', 1, 'view.html', 0),
(8, 0, '读书', 0, 1, 0, 0, '', 0, 0, 1, '', '', 'lists.html', 1, 'view.html', 0),
(9, 8, '社会', 9, 1, 0, 0, '', 0, 1, 1, '', '', 'lists.html', 1, 'view.html', 0),
(10, 9, '大迁徙', 0, 1, 0, 0, '', 0, 1, 0, '', '', 'lists.html', 1, 'view.html', 1),
(11, 0, '影视资源', 0, 0, 0, 1, 'admin', 1348411051, 0, 1, '', '', 'lists.html', 0, 'view.html', 0),
(12, 11, '国产', 1, 1, 0, 1, 'admin', 1348411072, 1, 1, '', '', 'lists.html', 1, 'view.html', 0),
(13, 11, '港台', 0, 1, 0, 1, 'admin', 1348411087, 1, 1, '', '', 'lists.html', 1, 'view.html', 0),
(14, 11, '欧美', 0, 1, 0, 1, 'admin', 1348411102, 1, 1, '', '', 'lists.html', 1, 'view.html', 0),
(15, 11, '其它', 0, 1, 0, 1, 'admin', 1348411114, 1, 1, '', '', 'lists.html', 1, 'view.html', 0),
(16, 0, '手机', 0, 0, 0, 1, 'admin', 1381304915, 0, 1, '', '', 'lists.html', 1, 'view.html', 0),
(17, 16, '安卓', 0, 1, 0, 1, 'admin', 1381304937, 1, 1, '', '', 'lists.html', 1, 'view.html', 0),
(18, 16, 'IOS', 0, 1, 0, 1, 'admin', 1381304955, 1, 1, '', '', 'lists.html', 1, 'view.html', 0),
(19, 0, '网络文摘', 0, 1, 0, 1, 'hoping', 1414896368, 0, 1, '', '', 'lists.html', 1, 'view.html', 0),
(20, 19, '搞笑图库', 1, 1, 0, 1, 'admin', 1381442523, 1, 1, '', '', 'lists.html', 1, 'view_galleria.html', 0),
(21, 19, '轶闻趣事', 1, 1, 0, 1, 'admin', 1407399577, 1, 1, '', '', 'lists.html', 1, 'view.html', 0),
(22, 19, '网文摘抄', 2, 1, 0, 1, 'admin', 1408895899, 1, 1, '', '', 'lists.html', 1, 'view.html', 0),
(23, 19, '也读红楼', 0, 1, 0, 1, 'hoping', 1416968794, 1, 1, '', '', 'lists.html', 1, 'view.html', 0),
(25, 9, '东北往事:黑道风云20年 第一部', 0, 1, 0, 1, 'hoping', 1473972640, 1, 0, '', '', 'lists.html', 1, 'view.html', 0);

-- 转存表中的数据 `jycms_config`

INSERT INTO `jycms_config` (`id`, `name`, `type`, `title`, `group`, `extra`, `remark`, `create_time`, `update_time`, `status`, `value`, `sort`) VALUES
(1, 'WEB_SITE_TITLE', 1, '网站标题', 1, '', '网站标题前台显示标题', 1378898976, 1379235274, 1, 'JYCMS内容管理框架', 0),
(2, 'WEB_SITE_DESCRIPTION', 2, '网站描述', 1, '', '网站搜索引擎描述', 1378898976, 1379235841, 1, 'JYCMS内容管理框架', 1),
(3, 'WEB_SITE_KEYWORD', 2, '网站关键字', 1, '', '网站搜索引擎关键字', 1378898976, 1381390100, 1, 'JYCMS', 8),
(4, 'WEB_SITE_CLOSE', 4, '关闭站点', 1, '0:关闭,1:开启', '站点关闭后其他用户不能访问，管理员可以正常访问', 1378898976, 1379235296, 1, '1', 1),
(9, 'CONFIG_TYPE_LIST', 3, '配置类型列表', 4, '', '主要用于数据解析和页面表单的生成', 1378898976, 1379235348, 1, '0:数字\r\n1:字符\r\n2:文本\r\n3:数组\r\n4:枚举', 2),
(10, 'WEB_SITE_ICP', 1, '网站备案号', 1, '', '设置在网站底部显示的备案号，如“沪ICP备12007941号-2', 1378900335, 1379235859, 1, '', 9),
(11, 'DOCUMENT_POSITION', 3, '文档推荐位', 2, '', '文档推荐位，推荐到多个位置KEY值相加即可', 1379053380, 1379235329, 1, '1:列表推荐\r\n2:频道推荐\r\n4:首页推荐', 3),
(12, 'DOCUMENT_DISPLAY', 3, '文档可见性', 2, '', '文章可见性仅影响前台显示，后台不收影响', 1379056370, 1379235322, 1, '0:所有人可见\r\n1:仅注册会员可见\r\n2:仅管理员可见', 4),
(20, 'CONFIG_GROUP_LIST', 3, '配置分组', 4, '', '配置分组', 1379228036, 1384418383, 1, '1:基本\r\n2:内容\r\n3:用户\r\n4:系统', 4),
(21, 'HOOKS_TYPE', 3, '钩子的类型', 4, '', '类型 1-用于扩展显示内容，2-用于扩展业务处理', 1379313397, 1379313407, 1, '1:视图\r\n2:控制器', 6),
(22, 'AUTH_CONFIG', 3, 'Auth配置', 4, '', '自定义Auth.class.php类配置', 1379409310, 1379409564, 1, 'AUTH_ON:1\r\nAUTH_TYPE:2', 8),
(23, 'OPEN_DRAFTBOX', 4, '是否开启草稿功能', 2, '0:关闭草稿功能\r\n1:开启草稿功能\r\n', '新增文章时的草稿功能配置', 1379484332, 1379484591, 1, '1', 1),
(24, 'DRAFT_AOTOSAVE_INTERVAL', 0, '自动保存草稿时间', 2, '', '自动保存草稿的时间间隔，单位：秒', 1379484574, 1386143323, 1, '60', 2),
(25, 'LIST_ROWS', 0, '后台每页记录数', 2, '', '后台数据每页显示记录数', 1379503896, 1380427745, 1, '10', 10),
(26, 'USER_ALLOW_REGISTER', 4, '是否允许用户注册', 3, '0:关闭注册\r\n1:允许注册', '是否开放用户注册', 1379504487, 1379504580, 1, '1', 3),
(28, 'DATA_BACKUP_PATH', 1, '数据库备份根路径', 4, '', '路径必须以 / 结尾', 1381482411, 1381482411, 1, './Data/', 5),
(29, 'DATA_BACKUP_PART_SIZE', 0, '数据库备份卷大小', 4, '', '该值用于限制压缩后的分卷最大长度。单位：B；建议设置20M', 1381482488, 1381729564, 1, '20971520', 7),
(30, 'DATA_BACKUP_COMPRESS', 4, '数据库备份文件是否启用压缩', 4, '0:不压缩\r\n1:启用压缩', '压缩备份文件需要PHP环境支持gzopen,gzwrite函数', 1381713345, 1381729544, 1, '1', 9),
(31, 'DATA_BACKUP_COMPRESS_LEVEL', 4, '数据库备份文件压缩级别', 4, '1:普通\r\n4:一般\r\n9:最高', '数据库备份文件的压缩级别，该配置在开启压缩时生效', 1381713408, 1381713408, 1, '9', 10),
(32, 'DEVELOP_MODE', 4, '开启开发者模式', 4, '0:关闭\r\n1:开启', '是否开启开发者模式', 1383105995, 1383291877, 1, '1', 11),
(33, 'ALLOW_VISIT', 3, '不受限控制器方法', 0, '', '', 1386644047, 1386644741, 1, '0:article/draftbox\r\n1:article/mydocument\r\n2:Category/tree\r\n3:Index/verify\r\n4:file/upload\r\n5:file/download\r\n6:user/updatePassword\r\n7:user/updateNickname\r\n8:user/submitPassword\r\n9:user/submitNickname\r\n10:file/uploadpicture', 0),
(34, 'DENY_VISIT', 3, '超管专限控制器方法', 0, '', '仅超级管理员可访问的控制器方法', 1386644141, 1386644659, 1, '0:Addons/addhook\r\n1:Addons/edithook\r\n2:Addons/delhook\r\n3:Addons/updateHook\r\n4:Admin/getMenus\r\n5:Admin/recordList\r\n6:Auth/updateRules\r\n7:Auth/tree', 0),
(35, 'REPLY_LIST_ROWS', 0, '回复列表每页条数', 2, '', '', 1386645376, 1387178083, 1, '10', 0),
(36, 'ADMIN_ALLOW_IP', 2, '后台允许访问IP', 4, '', '多个用逗号分隔，如果不配置表示不限制IP访问', 1387165454, 1387165553, 1, '', 12),
(37, 'SHOW_PAGE_TRACE', 4, '是否显示页面Trace', 4, '0:关闭\r\n1:开启', '是否显示页面Trace信息', 1387165685, 1387165685, 1, '0', 1);

-- 转存表中的数据 `jycms_customfields`

INSERT INTO `jycms_customfields` (`customfieldid`, `uid`, `name`, `displayorder`, `customfieldtext`, `isdefault`) VALUES
(1, 1, '下载', 0, 'a:1:{i:0;a:4:{s:4:"type";s:4:"urls";s:4:"name";s:12:"下载地址";s:6:"option";s:0:"";s:8:"position";s:1:"0";}}', 0),
(2, 1, '影视资源', 0, 'a:7:{i:0;a:5:{s:4:"type";s:5:"input";s:4:"name";s:6:"导演";s:6:"option";s:0:"";s:8:"position";s:1:"0";s:5:"order";s:1:"1";}i:1;a:5:{s:4:"type";s:5:"input";s:4:"name";s:6:"编剧";s:6:"option";s:0:"";s:8:"position";s:1:"0";s:5:"order";s:1:"2";}i:2;a:5:{s:4:"type";s:6:"select";s:4:"name";s:6:"类型";s:6:"option";s:32:"@动作片\r\n剧情片\r\n恐怖片";s:8:"position";s:1:"0";s:5:"order";s:1:"3";}i:3;a:5:{s:4:"type";s:5:"input";s:4:"name";s:12:"主要演员";s:6:"option";s:0:"";s:8:"position";s:1:"0";s:5:"order";s:1:"4";}i:4;a:5:{s:4:"type";s:5:"input";s:4:"name";s:6:"片长";s:6:"option";s:0:"";s:8:"position";s:1:"0";s:5:"order";s:1:"5";}i:5;a:5:{s:4:"type";s:4:"urls";s:4:"name";s:12:"下载地址";s:6:"option";s:0:"";s:8:"position";s:1:"0";s:5:"order";s:1:"6";}i:6;a:5:{s:4:"type";s:4:"urls";s:4:"name";s:12:"相关链接";s:6:"option";s:0:"";s:8:"position";s:1:"0";s:5:"order";s:1:"9";}}', 0);

-- 转存表中的数据 `jycms_hooks`

INSERT INTO `jycms_hooks` (`id`, `name`, `description`, `type`, `update_time`, `addons`, `status`) VALUES
(1, 'pageHeader', '页面header钩子，一般用于加载插件CSS文件和代码', 1, 0, '', 1),
(2, 'pageFooter', '页面footer钩子，一般用于加载插件JS文件和JS代码', 1, 0, 'ReturnTop', 1),
(3, 'documentEditForm', '添加编辑表单的 扩展内容钩子', 1, 0, 'Attachment', 1),
(4, 'documentDetailAfter', '文档末尾显示', 1, 0, 'Attachment,SocialComment', 1),
(5, 'documentDetailBefore', '页面内容前显示用钩子', 1, 0, '', 1),
(6, 'documentSaveComplete', '保存文档数据后的扩展钩子', 2, 0, 'Attachment', 1),
(7, 'documentEditFormContent', '添加编辑表单的内容显示钩子', 1, 0, 'Editor', 1),
(8, 'adminArticleEdit', '后台内容编辑页编辑器', 1, 1378982734, 'EditorForAdmin', 1),
(13, 'AdminIndex', '首页小格子个性化显示', 1, 1382596073, 'SiteStat,SystemInfo,DevTeam', 1),
(14, 'topicComment', '评论提交方式扩展钩子。', 1, 1380163518, 'Editor', 1),
(16, 'app_begin', '应用开始', 2, 1384481614, '', 1);

-- 转存表中的数据 `jycms_menu`

INSERT INTO `jycms_menu` (`id`, `title`, `pid`, `sort`, `url`, `hide`, `tip`, `group`, `is_dev`, `status`, `icon`) VALUES
(1, '首页', 0, 1, 'Index/index', 1, '', '', 0, 1, 'home'),
(2, '内容', 0, 2, 'Article/index', 0, '', '', 0, 1, 'newspaper-o'),
(3, '分类管理', 2, 1, 'Categories/index', 0, '', '系统设置', 0, 1, 'th-list'),
(4, '编辑', 3, 0, 'Categories/edit', 1, '编辑和保存栏目分类', '', 0, 1, ''),
(5, '新增', 3, 0, 'Categories/add', 1, '新增栏目分类', '', 0, 1, ''),
(6, '删除', 3, 0, 'Categories/remove', 1, '删除栏目分类', '', 0, 1, ''),
(7, '移动', 3, 0, 'Categories/operate/type/move', 1, '移动栏目分类', '', 0, 1, ''),
(8, '合并', 3, 0, 'Categories/operate/type/merge', 1, '合并栏目分类', '', 0, 1, ''),
(9, '文档列表', 2, 2, 'article/index', 0, '', '内容', 0, 1, 'list'),
(10, '新增', 9, 0, 'article/add', 1, '', '', 0, 1, ''),
(11, '编辑', 9, 0, 'article/edit', 1, '', '', 0, 1, ''),
(12, '改变状态', 9, 0, 'article/setStatus', 1, '', '', 0, 1, ''),
(13, '保存', 9, 0, 'article/update', 1, '', '', 0, 1, ''),
(14, '保存草稿', 9, 0, 'article/autoSave', 1, '', '', 0, 1, ''),
(15, '移动', 9, 0, 'article/move', 1, '', '', 0, 1, ''),
(16, '复制', 9, 0, 'article/copy', 1, '', '', 0, 1, ''),
(17, '粘贴', 9, 0, 'article/paste', 1, '', '', 0, 1, ''),
(18, '导入', 9, 0, 'article/batchOperate', 1, '', '', 0, 1, ''),
(19, '文档排序', 9, 0, 'Article/sort', 1, '', '', 0, 1, ''),
(20, '审核列表', 9, 0, 'Article/examine', 1, '', '', 0, 1, ''),
(21, '回收站', 2, 3, 'article/recycle', 1, '', '内容', 0, 1, ''),
(22, '还原', 21, 0, 'article/permit', 0, '', '', 0, 1, ''),
(23, '清空', 21, 0, 'article/clear', 0, '', '', 0, 1, ''),
(24, '用户', 0, 3, 'User/index', 0, '', '', 0, 1, 'user'),
(25, '用户信息', 24, 0, 'User/index', 0, '', '用户管理', 0, 1, 'user'),
(26, '新增用户', 25, 0, 'User/add', 1, '添加新用户', '', 0, 1, ''),
(27, '用户行为', 24, 0, 'User/action', 0, '', '行为管理', 0, 1, ''),
(28, '新增用户行为', 27, 0, 'User/addaction', 1, '', '', 0, 1, ''),
(29, '编辑用户行为', 27, 0, 'User/editaction', 1, '', '', 0, 1, ''),
(30, '保存用户行为', 27, 0, 'User/saveAction', 1, '"用户->用户行为"保存编辑和新增的用户行为', '', 0, 1, ''),
(31, '变更行为状态', 27, 0, 'User/setStatus', 1, '"用户->用户行为"中的启用,禁用和删除权限', '', 0, 1, ''),
(32, '禁用会员', 27, 0, 'User/changeStatus?method=forbidUser', 1, '"用户->用户信息"中的禁用', '', 0, 1, ''),
(33, '启用会员', 27, 0, 'User/changeStatus?method=resumeUser', 1, '"用户->用户信息"中的启用', '', 0, 1, ''),
(34, '删除会员', 27, 0, 'User/changeStatus?method=deleteUser', 1, '"用户->用户信息"中的删除', '', 0, 1, ''),
(35, '权限管理', 24, 0, 'Auth/index', 0, '', '用户管理', 0, 1, 'lock'),
(36, '删除', 35, 0, 'Auth/changeStatus?method=deleteGroup', 1, '删除用户组', '', 0, 1, ''),
(37, '禁用', 35, 0, 'Auth/changeStatus?method=forbidGroup', 1, '禁用用户组', '', 0, 1, ''),
(38, '恢复', 35, 0, 'Auth/changeStatus?method=resumeGroup', 1, '恢复已禁用的用户组', '', 0, 1, ''),
(39, '新增', 35, 0, 'Auth/createGroup', 1, '创建新的用户组', '', 0, 1, ''),
(40, '编辑', 35, 0, 'Auth/editGroup', 1, '编辑用户组名称和描述', '', 0, 1, ''),
(41, '保存用户组', 35, 0, 'Auth/writeGroup', 1, '新增和编辑用户组的"保存"按钮', '', 0, 1, ''),
(42, '授权', 35, 0, 'Auth/group', 1, '"后台 \\ 用户 \\ 用户信息"列表页的"授权"操作按钮,用于设置用户所属用户组', '', 0, 1, ''),
(43, '访问授权', 35, 0, 'Auth/access', 1, '"后台 \\ 用户 \\ 权限管理"列表页的"访问授权"操作按钮', '', 0, 1, ''),
(44, '成员授权', 35, 0, 'Auth/user', 1, '"后台 \\ 用户 \\ 权限管理"列表页的"成员授权"操作按钮', '', 0, 1, ''),
(45, '解除授权', 35, 0, 'Auth/removeFromGroup', 1, '"成员授权"列表页内的解除授权操作按钮', '', 0, 1, ''),
(46, '保存成员授权', 35, 0, 'Auth/addToGroup', 1, '"用户信息"列表页"授权"时的"保存"按钮和"成员授权"里右上角的"添加"按钮)', '', 0, 1, ''),
(47, '分类授权', 35, 0, 'Auth/category', 1, '"后台 \\ 用户 \\ 权限管理"列表页的"分类授权"操作按钮', '', 0, 1, ''),
(48, '保存分类授权', 35, 0, 'Auth/addToCategory', 1, '"分类授权"页面的"保存"按钮', '', 0, 1, ''),
(49, '行为日志', 24, 0, 'Action/actionlog', 0, '', '行为管理', 0, 1, ''),
(50, '查看行为日志', 49, 0, 'action/edit', 1, '', '', 0, 1, ''),
(51, '修改密码', 24, 0, 'User/updatePassword', 1, '', '', 0, 1, ''),
(52, '修改昵称', 24, 0, 'User/updateNickname', 1, '', '', 0, 1, ''),
(53, '系统', 0, 4, 'Config/group', 0, '', '', 0, 1, 'cog'),
(54, '备份数据库', 53, 0, 'Database/index?type=export', 0, '', '数据备份', 0, 1, 'save'),
(55, '备份', 54, 0, 'Database/export', 1, '备份数据库', '', 0, 1, ''),
(56, '优化表', 54, 0, 'Database/optimize', 1, '优化数据表', '', 0, 1, ''),
(57, '修复表', 54, 0, 'Database/repair', 1, '修复数据表', '', 0, 1, ''),
(58, '还原数据库', 53, 0, 'Database/index?type=import', 0, '', '数据备份', 0, 1, 'download-alt'),
(59, '恢复', 58, 0, 'Database/import', 1, '数据库恢复', '', 0, 1, ''),
(60, '删除', 58, 0, 'Database/del', 1, '删除备份文件', '', 0, 1, ''),
(61, '网站设置', 53, 1, 'Config/group', 0, '', '系统设置', 0, 1, 'wrench'),
(62, '配置管理', 53, 4, 'Config/index', 0, '', '系统设置', 0, 1, ''),
(63, '编辑', 62, 0, 'Config/edit', 1, '新增编辑和保存配置', '', 0, 1, ''),
(64, '删除', 62, 0, 'Config/del', 1, '删除配置', '', 0, 1, ''),
(65, '新增', 62, 0, 'Config/add', 1, '新增配置', '', 0, 1, ''),
(66, '保存', 62, 0, 'Config/save', 1, '保存配置', '', 0, 1, ''),
(68, '菜单管理', 53, 5, 'Menu/index', 0, '', '系统设置', 0, 1, ''),
(69, '新增', 68, 0, 'Menu/add', 1, '', '系统设置', 0, 1, ''),
(70, '编辑', 68, 0, 'Menu/edit', 1, '', '', 0, 1, ''),
(71, '导入', 68, 0, 'Menu/import', 1, '', '', 0, 1, ''),
(67, '排序', 62, 0, 'Config/sort', 1, '', '', 0, 1, ''),
(72, '排序', 68, 0, 'Menu/sort', 1, '', '', 0, 1, ''),
(73, '导航管理', 53, 6, 'Nav/index', 0, '', '系统设置', 0, 1, ''),
(74, '新增', 73, 0, 'Nav/add', 1, '', '', 0, 1, ''),
(75, '编辑', 73, 0, 'Nav/edit', 1, '', '', 0, 1, ''),
(76, '删除', 73, 0, 'Nav/del', 1, '', '', 0, 1, ''),
(77, '排序', 73, 0, 'Nav/sort', 1, '', '', 0, 1, ''),
(78, '其他', 0, 5, 'other', 1, '', '', 0, 1, ''),
(79, '扩展', 0, 7, 'Addons/index', 0, '', '', 0, 1, ''),
(80, '插件管理', 79, 1, 'Addons/index', 0, '', '扩展', 0, 1, ''),
(81, '创建', 80, 0, 'Addons/create', 1, '服务器上创建插件结构向导', '', 0, 1, ''),
(82, '检测创建', 80, 0, 'Addons/checkForm', 1, '检测插件是否可以创建', '', 0, 1, ''),
(83, '预览', 80, 0, 'Addons/preview', 1, '预览插件定义类文件', '', 0, 1, ''),
(84, '快速生成插件', 80, 0, 'Addons/build', 1, '开始生成插件结构', '', 0, 1, ''),
(85, '设置', 80, 0, 'Addons/config', 1, '设置插件配置', '', 0, 1, ''),
(86, '禁用', 80, 0, 'Addons/disable', 1, '禁用插件', '', 0, 1, ''),
(87, '启用', 80, 0, 'Addons/enable', 1, '启用插件', '', 0, 1, ''),
(88, '安装', 80, 0, 'Addons/install', 1, '安装插件', '', 0, 1, ''),
(89, '卸载', 80, 0, 'Addons/uninstall', 1, '卸载插件', '', 0, 1, ''),
(90, '更新配置', 80, 0, 'Addons/saveconfig', 1, '更新插件配置处理', '', 0, 1, ''),
(91, '插件后台列表', 80, 0, 'Addons/adminList', 1, '', '', 0, 1, ''),
(92, 'URL方式访问插件', 80, 0, 'Addons/execute', 1, '控制是否有权限通过url访问插件控制器方法', '', 0, 1, ''),
(93, '钩子管理', 79, 2, 'Addons/hooks', 0, '', '扩展', 0, 1, ''),
(94, '新增钩子', 93, 0, 'Addons/addHook', 1, '', '', 0, 1, ''),
(95, '编辑钩子', 93, 0, 'Addons/edithook', 1, '', '', 0, 1, '');

-- 转存表中的数据 `jycms_nav`

INSERT INTO `jycms_nav` VALUES 
('1', '0', '首页', 'Portal', 'Home/Index/index', '1', '0', '0', '1', '0', '0', '0', '0', '0', '', '', '', '0'),
('2', '0', '工作生活', '', 'Home/Article/Lists?catid=1', '1', '0', '4', '1', '1', '0', '0', '0', '0', '', '', '', '0'),
('3', '0', '影视资源', '', 'Home/Article/Lists?catid=11', '11', '0', '4', '1', '2', '0', '0', '0', '0', '', '', '', '0'),
('4', '0', '手机', '', 'Home/Article/Lists?catid=16', '16', '0', '4', '1', '3', '0', '0', '0', '0', '', '', '', '0'),
('5', '0', '网络文摘', '', 'Home/Article/Lists?catid=19', '19', '0', '4', '1', '4', '0', '0', '0', '0', '', '', '', '0'),
('6', '0', '读书', '', 'Home/Article/Lists?catid=8', '8', '0', '4', '1', '5', '0', '0', '0', '0', '', '', '', '0'),
('7', '2', '计算机相关', '', 'Home/Article/Lists?catid=7', '7', '0', '4', '1', '1', '0', '0', '0', '0', '', '', '', '0'),
('8', '2', '代码人生', '', 'Home/Article/Lists?catid=3', '3', '0', '4', '1', '2', '0', '0', '0', '0', '', '', '', '0'),
('9', '2', '有车一族', '', 'Home/Article/Lists?catid=5', '5', '0', '4', '1', '3', '0', '0', '0', '0', '', '', '', '0'),
('10', '2', '生活点滴', '', 'Home/Article/Lists?catid=6', '6', '0', '4', '1', '4', '0', '0', '0', '0', '', '', '', '0'),
('11', '2', '未分类', '', 'Home/Article/Lists?catid=4', '4', '0', '4', '1', '5', '0', '0', '0', '0', '', '', '', '0'),
('12', '3', '国产', '', 'Home/Article/Lists?catid=12', '12', '0', '4', '1', '0', '0', '0', '0', '0', '', '', '', '0'),
('13', '3', '港台', '', 'Home/Article/Lists?catid=13', '13', '0', '4', '1', '0', '0', '0', '0', '0', '', '', '', '0'),
('14', '3', '欧美', '', 'Home/Article/Lists?catid=14', '14', '0', '4', '1', '0', '0', '0', '0', '0', '', '', '', '0'),
('15', '3', '其它', '', 'Home/Article/Lists?catid=15', '15', '0', '4', '1', '0', '0', '0', '0', '0', '', '', '', '0'),
('16', '4', '安卓', '', 'Home/Article/Lists?catid=17', '17', '0', '4', '1', '0', '0', '0', '0', '0', '', '', '', '0'),
('17', '4', 'IOS', '', 'Home/Article/Lists?catid=18', '18', '0', '4', '1', '0', '0', '0', '0', '0', '', '', '', '0'),
('18', '5', '搞笑图库', '', 'Home/Article/Lists?catid=20', '20', '0', '4', '1', '0', '0', '0', '0', '0', '', '', '', '0'),
('19', '5', '轶闻趣事', '', 'Home/Article/Lists?catid=21', '21', '0', '4', '1', '0', '0', '0', '0', '0', '', '', '', '0'),
('20', '5', '网文摘抄', '', 'Home/Article/Lists?catid=22', '22', '0', '4', '1', '0', '0', '0', '0', '0', '', '', '', '0'),
('21', '5', '也读红楼', '', 'Home/Article/Lists?catid=23', '23', '0', '4', '1', '0', '0', '0', '0', '0', '', '', '', '0'),
('22', '6', '社会相关', '', 'Home/Article/Lists?catid=9', '9', '0', '4', '1', '0', '0', '0', '0', '0', '', '', '', '0'),
('23', '22', '大迁徙', '', 'Home/Article/Lists?catid=10', '', '0', '4', '1', '1', '0', '0', '0', '0', '', '', '', '0'),
('24', '22', '东北往事:黑道风云20年 第一部', '', 'Home/Article/Lists?catid=25', '25', '0', '4', '1', '2', '0', '0', '0', '0', '', '', '', '0');

-- 转存表中的数据 `jycms_tags`

INSERT INTO `jycms_tags` (`itemid`, `tagid`, `dateline`, `tagtype`) VALUES
(2, 1, 1338715370, 'article');

-- 转存表中的数据 `jycms_tagslist`

INSERT INTO `jycms_tagslist` (`tagid`, `tagname`, `uid`, `username`, `dateline`, `close`, `allnum`) VALUES
(1, '李白', 0, '', 0, 0, 1);
